golden_id,customer_tweet_id,customer_text,brand_reply_text,has_followup,followup_text,sample_layer,pseudo_intent,intent,escalate,escalate_reason,good_reply_elements
1,993295,@AppleSupport when are we getting a new update that doesn’t suck and doesn’t mess with our phones? My #6s doesn’t work properly! #tired,@355302 Hi there. We'd be happy to help out. What's going on with your iPhone?,True,"@AppleSupport Siri won’t work, i can’t dictate on whatsapp, the alarm doesn’t make any sound, phone sometimes freezes...",hard_c,system_performance_freeze,system_performance_freeze,no,None - Standard technical troubleshooting path.,- Request exact device model and iOS version; suggest force-restart; offer DM link for step-by-step diagnostic settings.
2,215771,@AppleSupport The phone after the update operates and opens itself and is slow,@167309 We can help. Send us a Direct Message and let us know what kind of iPhone you have and what version of iOS it is running. https://t.co/GDrqU22YpT,True,@AppleSupport How to send a message directly,base,system_performance_freeze,system_performance_freeze,no,None - Standard technical troubleshooting path.,- Request exact device model and iOS version; suggest force-restart; offer DM link for step-by-step diagnostic settings.
3,735942,@AppleSupport turn off my wifi in ios11 control panel. 15 seconds later it’s back on. Why?,@224199 The control center operates differently in iOS 11. It now acts as a disconnect button. Learn more here: https://t.co/G7BHuQnDS6,True,"@AppleSupport So why does it keep reconnecting?  If I turn it off for a reason, why does it turn back on 15 sec later. ?",base,connectivity_network,connectivity_network,no,None - Standard technical troubleshooting path.,- Guide user to Settings > General > Reset > Reset Network Settings; advise toggling Airplane Mode; ask to test on alternate Wi-Fi network.
4,585923,Hi @AppleSupport my old iPhone 6s is shutting down and bugging me out every 20 seconds 😞 please help https://t.co/Fxaxn1qwSU,@258337 We're sorry to hear this. Let's see what we can do to get it resolved. When did you start seeing these unexpected shutdowns?,True,@AppleSupport This morning :(,hard_c,other,system_performance_freeze,no,None - Standard technical troubleshooting path.,- Request exact device model and iOS version; suggest force-restart; offer DM link for step-by-step diagnostic settings.
5,333607,"@AppleSupport Yes, several times. This happened in both iOS 11.0.1 and 11.0.2",@3922 Let's look deeper into this together. DM us and we'll continue there. https://t.co/GDrqU22YpT,False,,hard_c,system_performance_freeze,system_performance_freeze,no,None - Standard technical troubleshooting path.,- Request exact device model and iOS version; suggest force-restart; offer DM link for step-by-step diagnostic settings.
6,2890789,"@AppleSupport To date, it's just been Chrome. Maybe a few times with Microsoft office suite (but usually those crash just the app, not the whole computer). Using OSSierra 10.12.6. The @9242 people had me clear cookies etc but that didn't work.",@801424 Thanks for letting us know. We’d recommend following the steps listed here to help with this issue: https://t.co/jmfl9ljdvU Let us know if you’re still experiencing issues after completing the steps.,False,,base,system_performance_freeze,other,no,None - Standard technical troubleshooting path.,- Acknowledge customer feedback empathetically; ask clarifying questions regarding specific behavior; provide official Apple Support resources.
7,1450119,"@AppleSupport I’m on iPhone 6 Plus (newest software). Reset most things and it won’t connect. Can only SMS and call, no iMessage or FaceTime.","@456497 Got it, thanks! Take a look at this article here for steps on troubleshooting this issue: https://t.co/jhvYu3nzpA",True,"@AppleSupport Scratch that, now it's back to not working again on my iPhone either. I have absolutely no idea what is going on here.",hard_a,system_performance_freeze,other,no,None - Standard technical troubleshooting path.,- Acknowledge customer feedback empathetically; ask clarifying questions regarding specific behavior; provide official Apple Support resources.
8,2369484,@AppleSupport Restarted a few times and camera works fine. I can also use the Animojis.,@683816 We're glad to hear that. Don't hesitate to contact us in the future should you need us.,True,"@AppleSupport You misunderstood, the camera and animoji work but Face ID still doesn’t. I’m being inconvenienced by having to go to your store this weekend for a Genius Bar appt. This should not happen with a brand new phone that is $1K! 😩",hard_a,camera_photos_media,camera_photos_media,no,None - Standard technical troubleshooting path.,- Verify if issue occurs in front vs rear lens and 3rd-party apps; suggest force-closing Camera app; check iCloud Photos sync status.
9,1460601,Hey @115858 why do I have 16 pics on my camera roll when before updating I had more than 1k??? 😭,@459004 We're glad to hear this has been resolved. Reach us in DM if you have any further questions. https://t.co/GDrqU22YpT,False,,base,camera_photos_media,camera_photos_media,no,None - Standard technical troubleshooting path.,- Verify if issue occurs in front vs rear lens and 3rd-party apps; suggest force-closing Camera app; check iCloud Photos sync status.
10,2147782,"@AppleSupport Tuesday evening I spent over 4 hours visiting your Meadowhall store, travelling over 100 miles, to pick a new iPhone X reserved for my wife. Imagine our disappointment to be told that you did not have a phone for her even after she’d received a confirmation text!!",@631306 This is not an experience we want you to have. We'd like to get more info. Let's meet in DM. https://t.co/GDrqU22YpT,False,,hard_c,system_performance_freeze,other,no,None - Standard technical troubleshooting path.,- Acknowledge customer feedback empathetically; ask clarifying questions regarding specific behavior; provide official Apple Support resources.
11,2864856,"@AppleSupport It’s happened when using headphones. I don’t think I’ve noticed the issue when connecting via Bluetooth yet. No issue for safari/app videos, just music &amp; podcasts","@178644 Got it. Let’s disconnect the headphones and play the music without any external devices connected. Does the same thing happen? Also, do you have another pair of headphones we can test with?",True,@AppleSupport I did a hard reset and it works now 😕😬 will circle back the next time it happens!,hard_b,connectivity_network,audio_music_playback,yes,Rule 1: Legal / Regulatory / Law Enforcement / Chargeback Threat.,- Inquire whether issue occurs on downloaded vs streamed music; recommend toggling iCloud Music Library / Sync Library; suggest reinstalling Music app.
12,267765,Ever since I updated my phone my apple music don’t work. Wtf is the problem @115858,"@179843 We want you to enjoy Apple Music and we'd like to help. To start, what happens when you try to access Apple Music?",False,,base,audio_music_playback,audio_music_playback,no,None - Standard technical troubleshooting path.,- Inquire whether issue occurs on downloaded vs streamed music; recommend toggling iCloud Music Library / Sync Library; suggest reinstalling Music app.
13,2564146,What is going on with my iPhone @115858 😡 All my photos disappeared outta my camera roll! #iphoneupdatesaretrash #wherearemyphotos,@727575 We want to help you find your photos! Please DM us your current location and we can assist further. https://t.co/GDrqU22YpT,False,,base,camera_photos_media,battery_drain_power,no,None - Standard technical troubleshooting path.,- Acknowledge battery drain issue; instruct checking Settings > Battery for high-usage apps; provide DM link for battery diagnostics.
14,2772644,@AppleSupport I bought an iPhone and an iPad for my mum on apple store. 12 hours after the order you decided to charge my credit card for the iPad again. I wonder how your billing system even works or when I can get my $529 back.,@774966 We want to help get you pointed in the right direction. You'll want to speak to our team over in Online Store support. You'll be able to reach them here:  https://t.co/8yjRd1Xo0i,False,,hard_b,battery_drain_power,battery_drain_power,no,None - Standard technical troubleshooting path.,- Acknowledge battery drain issue; instruct checking Settings > Battery for high-usage apps; provide DM link for battery diagnostics.
15,148079,"@AppleSupport I know how to do that, my problem is that my WiFi will turn on by itself and connect to a network that’s locked so I’m always having to turn it back off, it’s just frustrating","@149682 Just to be clear, are you turning Wi-Fi off in Settings &gt; Wi-Fi and it's turning back on?",True,@AppleSupport Yeah and it switches back on,base,connectivity_network,connectivity_network,no,None - Standard technical troubleshooting path.,- Guide user to Settings > General > Reset > Reset Network Settings; advise toggling Airplane Mode; ask to test on alternate Wi-Fi network.
16,686616,"Dear @115858 @AppleSupport do you think anything else about iBooks app?? After every beta update, some documents are not come from iCloud",@283937 We want to help. Which device are you using iBooks with? Tell us in DM. https://t.co/GDrqU22YpT,False,,base,system_performance_freeze,account_icloud_login,no,None - Standard technical troubleshooting path.,- Direct user to iforgot.apple.com; guide through Two-Factor Authentication recovery steps; caution against sharing credentials publicly.
17,720645,Is there a way of updating an iMac from 9 years ago to the latest software? @115858,"@292478 Follow up with us in DM. We'll take a deeper look, and go over options with you there. https://t.co/GDrqU22YpT",False,,base,keyboard_autocorrect_bug,other,no,None - Standard technical troubleshooting path.,- Acknowledge customer feedback empathetically; ask clarifying questions regarding specific behavior; provide official Apple Support resources.
18,999908,@AppleSupport Stuck on Activation screen with no indication of when I can proceed...,@473177 We'd like to help. What's the exact message that you're seeing on the screen?,False,,base,system_performance_freeze,system_performance_freeze,no,None - Standard technical troubleshooting path.,- Request exact device model and iOS version; suggest force-restart; offer DM link for step-by-step diagnostic settings.
19,1434301,My mac book smells burnt. How to deal with？@115858 https://t.co/qWP7qtXVnP,@207298 We'd like to help. DM us which country you're in along with any other details and we'll continue support there. https://t.co/GDrqU22YpT,False,,base,other,other,yes,Rule 2: Hardware Safety Hazard (battery thermal event/swelling).,- Acknowledge customer feedback empathetically; ask clarifying questions regarding specific behavior; provide official Apple Support resources.
20,222968,@AppleSupport I can't sign in to App Store. very frustrating!,@169252 We're happy to look into this. Could you please send us a DM so we can gather some info? https://t.co/GDrqU22YpT,False,,base,billing_app_store,account_icloud_login,no,None - Standard technical troubleshooting path.,- Direct user to iforgot.apple.com; guide through Two-Factor Authentication recovery steps; caution against sharing credentials publicly.
21,1188230,"@AppleSupport Tried all that yesterday but oddly enough out the blue it’s started working again so I won’t touch anything now. You know the saying ‘if it ain’t broke then don’t fix it’.  Thanks anyway, I hope it’s all resolved now.","@399425 Fair enough. If it comes back, just let us know. Have a wonderful day.",False,,base,keyboard_autocorrect_bug,system_performance_freeze,no,None - Standard technical troubleshooting path.,- Request exact device model and iOS version; suggest force-restart; offer DM link for step-by-step diagnostic settings.
22,2864552,"@AppleSupport @115858 
Seems like I bought a ₹70k (&gt;1000$) phone to get crackling music Bluetooth streaming, stuck apps, loads of bugs and frozen screens just after a year :/ 
#ios11 #iPhone7 

Very poor service and feedback response.","@795656 That is certainly not the experience that we wanted you to have with your device, and we are going to do everything we can to help you. When you have a free moment, can you please DM us so that we can take a look into this together. https://t.co/GDrqU22YpT",False,,hard_b,system_performance_freeze,connectivity_network,no,None - Standard technical troubleshooting path.,- Guide user to Settings > General > Reset > Reset Network Settings; advise toggling Airplane Mode; ask to test on alternate Wi-Fi network.
23,1746038,Have to use incorrect grammar because of @115858 smh I️ get it together,@526435 Here’s what you can do to work around the issue until it’s fixed in a future software update: https://t.co/xXaXeeSRt9,False,,base,keyboard_autocorrect_bug,keyboard_autocorrect_bug,no,None - Standard technical troubleshooting path.,- Acknowledge known iOS autocorrect letter glitch; provide Settings > Keyboard > Text Replacement workaround; advise updating to latest iOS patch.
24,825539,"@AppleSupport Hello, cant sign into https://t.co/gszzmLgzPl any ideas? it keeps sending the auth code to the device im using?",@316618 It looks like the Apple Bug Reporter is down for scheduled maintenance. We encourage you to try again later.,True,@AppleSupport Still quite worrying when i try to sign in on my mac it sends my mac the sign in code,hard_a,other,account_icloud_login,no,None - Standard technical troubleshooting path.,- Direct user to iforgot.apple.com; guide through Two-Factor Authentication recovery steps; caution against sharing credentials publicly.
25,350086,@AppleSupport Sent a DM. please help,@199286 We see your DM and will reply there shortly.,False,,base,billing_app_store,other,no,None - Standard technical troubleshooting path.,- Acknowledge customer feedback empathetically; ask clarifying questions regarding specific behavior; provide official Apple Support resources.
26,1241461,@AppleSupport not gonna lie iOS11 sucks. Half the time my phone is a brick. Freezes up all the time. Notifications don’t show up. What gives,@411209 Thanks for reaching out. We're here to help. DM us so we can look into this further with you. https://t.co/GDrqU22YpT,False,,base,system_performance_freeze,system_performance_freeze,no,None - Standard technical troubleshooting path.,- Request exact device model and iOS version; suggest force-restart; offer DM link for step-by-step diagnostic settings.
27,1202021,@AppleSupport Unfortunately I don't have the photo library turned on for iCloud :(,"@11242 OK, thank you. Which iOS version is installed on your iPhone? Has your iPhone been restarted?",True,@AppleSupport Yes. iOS 10.2.1,base,account_icloud_login,battery_drain_power,no,None - Standard technical troubleshooting path.,- Acknowledge battery drain issue; instruct checking Settings > Battery for high-usage apps; provide DM link for battery diagnostics.
28,2509411,@AppleSupport iTunes doesn’t accept my PayPal account as my payment method can you please help,"@261806 We'd like to look into this for you. Please check out the ""PayPal"" section here: https://t.co/QlgvVVFJem

If you're still running into trouble, please DM us the details of what you're experiencing and we'll go from there. https://t.co/GDrqU22YpT",False,,base,billing_app_store,other,no,None - Standard technical troubleshooting path.,- Acknowledge customer feedback empathetically; ask clarifying questions regarding specific behavior; provide official Apple Support resources.
29,2035843,@AppleSupport I accidentally broke my camera lens of my iPhone 8. Is there any way to repair that and what are the costs?,@601892 Let’s work together to determine your options. In which country are you located? Let us know via a DM. We’ll go from there. https://t.co/GDrqU22YpT,False,,base,camera_photos_media,camera_photos_media,no,None - Standard technical troubleshooting path.,- Verify if issue occurs in front vs rear lens and 3rd-party apps; suggest force-closing Camera app; check iCloud Photos sync status.
30,2676880,Thanks a lot for this new iOS @115858 @AppleSupport I love not being able to send photos and losing service randomly. Worst update yet,"@753402 We're here to help. To get started, send us a DM with your current iOS version. https://t.co/GDrqU22YpT",False,,hard_d,keyboard_autocorrect_bug,battery_drain_power,no,None - Standard technical troubleshooting path.,- Acknowledge battery drain issue; instruct checking Settings > Battery for high-usage apps; provide DM link for battery diagnostics.
31,1568834,@171871 @115858 @AppleSupport @116333 Same experience on my 6s Plus. I can watch the battery percentage drop whilst using Safari.,"@597212  We can look into your battery drainage together. Send us a DM, and let us know when you completed the iOS 11.1 update. https://t.co/GDrqU22YpT",False,,base,battery_drain_power,battery_drain_power,no,None - Standard technical troubleshooting path.,- Acknowledge battery drain issue; instruct checking Settings > Battery for high-usage apps; provide DM link for battery diagnostics.
32,1386572,@AppleSupport I have an iPhone 6. My apps keep force closing. My podcast library keeps having to be restored. My text thread is out of order.,"@135215 Thanks for that information. We certainly wish to help. To begin, are you fully updated to iOS 11.1?",True,@AppleSupport No. I haven't been able to because of storage issues. But I pay for extra storage so I don't understand.,base,audio_music_playback,other,yes,Rule 1: Legal / Regulatory / Law Enforcement / Chargeback Threat.,- Acknowledge customer feedback empathetically; ask clarifying questions regarding specific behavior; provide official Apple Support resources.
33,2205958,@AppleSupport what the hell is up with the weird ? Box when I️ try to put an i or a?!?!!!,"@609960 An update has been released to assist with this issue. If you haven’t yet, please back up your device and update it to the latest version iOS 11.1.1. For more info, check out: https://t.co/xXaXeeSRt9",True,@AppleSupport I️ already did that! 🙄,base,keyboard_autocorrect_bug,keyboard_autocorrect_bug,no,None - Standard technical troubleshooting path.,- Acknowledge known iOS autocorrect letter glitch; provide Settings > Keyboard > Text Replacement workaround; advise updating to latest iOS patch.
34,1851496,@AppleSupport I couldn't find that before but the settings are the same as what I had before the update.,@554186 Go to Settings &gt; Accounts &amp; Passwords &gt; Fetch New Data to locate these settings. Let us know the results via DM. https://t.co/GDrqU2kzhr,False,,base,system_performance_freeze,system_performance_freeze,no,None - Standard technical troubleshooting path.,- Request exact device model and iOS version; suggest force-restart; offer DM link for step-by-step diagnostic settings.
35,1396722,@AppleSupport @AppleSupport Found But should be restored back to the quick access as it was previously. Thank u at least I Have back! Thanks!,@444798 You’re welcome. Please feel free to reach out any time you have questions or concerns. Hope you have a good day.,False,,base,system_performance_freeze,other,no,None - Standard technical troubleshooting path.,- Acknowledge customer feedback empathetically; ask clarifying questions regarding specific behavior; provide official Apple Support resources.
36,2003368,@115858 I’m having a lot of problems with this updates it’s so annoying .,@490353 We're happy to look into issues you're having since the update. DM us details of what's happening with your device. https://t.co/GDrqU22YpT,False,,hard_c,system_performance_freeze,system_performance_freeze,no,None - Standard technical troubleshooting path.,- Request exact device model and iOS version; suggest force-restart; offer DM link for step-by-step diagnostic settings.
37,2255327,@AppleSupport step counter in health app is not matching steps in activity app. I’m thinking it’s the phone?,@189360 We're happy to help. What is the current software version installed? To locate go to Settings &gt; General &gt; About.,True,@AppleSupport Thank you! 11.1.1 on iPhone and WatchOS 4.1,base,system_performance_freeze,other,no,None - Standard technical troubleshooting path.,- Acknowledge customer feedback empathetically; ask clarifying questions regarding specific behavior; provide official Apple Support resources.
38,243331,@173788 @115858 I have same this problem😤,@173787 Thanks for reaching out to us. We are always happy to help. Send us a DM so we can help you there. https://t.co/GDrqU22YpT,False,,base,audio_music_playback,other,no,None - Standard technical troubleshooting path.,- Acknowledge customer feedback empathetically; ask clarifying questions regarding specific behavior; provide official Apple Support resources.
39,1219256,@AppleSupport Quick question how do I reboot my iPhone when the power button isn't working. I've already enable the touch option.,@406067 We want to be sure you're able to power it back on after you power it off. Is the button physically broken?,True,@AppleSupport I can just plug it in to wake it up again. The button still clicks it just doesn't work.,hard_a,system_performance_freeze,system_performance_freeze,no,None - Standard technical troubleshooting path.,- Request exact device model and iOS version; suggest force-restart; offer DM link for step-by-step diagnostic settings.
40,2913356,"Does anyone else experience issues with the message app crashing when you’re typing, and I️t just erases your entire message? It’s really frustrating when you’re having a discussion and your messages repeatedly get wiped. Is this even on the radar? @AppleSupport",@806495 We'd like to dig in to this in greater detail to figure out the best way to help. What type of device are you using and which OS version is currently installed? Let us know the answers via DM and we'll meet up with you there. https://t.co/GDrqU22YpT,False,,hard_b,system_performance_freeze,keyboard_autocorrect_bug,yes,Rule 1: Legal / Regulatory / Law Enforcement / Chargeback Threat.,- Acknowledge known iOS autocorrect letter glitch; provide Settings > Keyboard > Text Replacement workaround; advise updating to latest iOS patch.
41,1938449,@AppleSupport what’s with ios11.0.3?Sluggish performance.Increased battery usage.Get trapped in apps &amp; cant get out.Mixed Reboot results.,@576632 We're here to help. What applications are you using when you're experiencing these things? DM us back to continue. https://t.co/GDrqU22YpT,False,,base,battery_drain_power,battery_drain_power,no,None - Standard technical troubleshooting path.,- Acknowledge battery drain issue; instruct checking Settings > Battery for high-usage apps; provide DM link for battery diagnostics.
42,339481,@115858 I hate iOS 11... its horrible and has made my iphone unusable! Last time i couldn’t use my phone i switched from @11999 to iphon,@197064 Send us a DM and let us know specifically what's happening with your iPhone. We'll do our best to help. https://t.co/GDrqU22YpT,False,,base,system_performance_freeze,system_performance_freeze,no,None - Standard technical troubleshooting path.,- Request exact device model and iOS version; suggest force-restart; offer DM link for step-by-step diagnostic settings.
43,1684506,Hey @115858 how long does it take to come out with an update to fix the “ A ?” Issue? Asking for the entire world...,@511913 Here’s what you can do to work around the issue until it’s fixed in a future software update: https://t.co/xXaXeeSRt9,True,@AppleSupport @68258 see above thread,base,keyboard_autocorrect_bug,system_performance_freeze,yes,Rule 1: Legal / Regulatory / Law Enforcement / Chargeback Threat.,- Request exact device model and iOS version; suggest force-restart; offer DM link for step-by-step diagnostic settings.
44,585979,@AppleSupport Photo,"@258354 Does this happen in other photo modes? Also, is this only happening with the Camera app or are third-party apps experiencing the same issue?",False,,base,camera_photos_media,battery_drain_power,no,None - Standard technical troubleshooting path.,- Acknowledge battery drain issue; instruct checking Settings > Battery for high-usage apps; provide DM link for battery diagnostics.
45,1957985,@AppleSupport It’s like this the whole time. https://t.co/8n7RnPYWAb,@580925 Got it. Let's have you try restarting your iPhone and let us know how that goes: https://t.co/OWRDHWSt4h,True,@AppleSupport Ok I do have another question. Does this keep happening because of iOS11? https://t.co/1m0n3CWYhW,base,other,other,no,None - Standard technical troubleshooting path.,- Acknowledge customer feedback empathetically; ask clarifying questions regarding specific behavior; provide official Apple Support resources.
46,566712,@AppleSupport I’m only seeing it now.,@252872 No problem! Automatic downloads are turned off when Low Power Mode is turned on. Let's turn Low Power Mode off and try to download them again. https://t.co/VtbR4hS4qv,True,"@AppleSupport I don’t even know what it is, I don’t know how they got there.",base,system_performance_freeze,other,no,None - Standard technical troubleshooting path.,- Acknowledge customer feedback empathetically; ask clarifying questions regarding specific behavior; provide official Apple Support resources.
47,407095,@115858 thanks for this most recent useless update.. my phone now has now battery life and charges slow,@212029 We'd like to help. DM us details and let us know what country you're in. We'll go from there. https://t.co/GDrqU22YpT,False,,hard_d,battery_drain_power,battery_drain_power,no,None - Standard technical troubleshooting path.,- Acknowledge battery drain issue; instruct checking Settings > Battery for high-usage apps; provide DM link for battery diagnostics.
48,1535565,Horrible day my @115858 ID got hacked now I have no computer for a couple days. #applehasletmedown the best computer company out virus free Apple but I guess the security isn’t as tight on the ID’s that hold all your info 😢😢😢,@476141 We'd like to help the best we can. Let’s team up in DM and we’ll do our best to assist you. https://t.co/GDrqU22YpT,False,,base,account_icloud_login,other,yes,Rule 3: Security Breach & Account Compromise.,- Acknowledge customer feedback empathetically; ask clarifying questions regarding specific behavior; provide official Apple Support resources.
49,1869368,@AppleSupport Done that 3 times already,@558352 Have you noticed a similar issue with any other devices?,True,@AppleSupport Nope i only have my iphone,base,system_performance_freeze,other,no,None - Standard technical troubleshooting path.,- Acknowledge customer feedback empathetically; ask clarifying questions regarding specific behavior; provide official Apple Support resources.
50,2515947,What is thisssss please help! I am fully up to date according to my phone... @AppleSupport https://t.co/vgpuGwLKsd,"@716713 We are here to help. Is your device fully updated to iOS 11.1.1? You can check in Settings &gt; General &gt; About. Also, are you seeing this in other people's old messages or new messages?",True,"@AppleSupport Up to date. Just new ones across most apps, looks fine on lock screen but when I unlock it goes to that. Believe the missing letter is “i” https://t.co/isomXhl7zR",base,other,other,no,None - Standard technical troubleshooting path.,- Acknowledge customer feedback empathetically; ask clarifying questions regarding specific behavior; provide official Apple Support resources.
51,1550260,@115858 @AppleSupport when can we buy the wireless AirPod case?,@479818 Let's look into that. DM us the country you're located in and we'll go from there. https://t.co/GDrqU22YpT,False,,base,keyboard_autocorrect_bug,other,no,None - Standard technical troubleshooting path.,- Acknowledge customer feedback empathetically; ask clarifying questions regarding specific behavior; provide official Apple Support resources.
52,2118408,I’m tired of seeing these damn boxes @115858 fix this NOW https://t.co/r2E1xiIuBv,@624320 Here’s what you can do to work around the issue until it’s fixed in a future software update: https://t.co/xXaXeeSRt9,False,,base,other,other,no,None - Standard technical troubleshooting path.,- Acknowledge customer feedback empathetically; ask clarifying questions regarding specific behavior; provide official Apple Support resources.
53,556174,@AppleSupport @115858 your iOS 11.2 just screwed my phone. Can’t even factory reset because it won’t connect to iCloud. DON’T update your devices to this new piece of shite! Phone is getting really hot and draining battery fast!,@249918 We're happy to help. What happens when you try to connect to iCloud? Are you getting an error message? Are you currently connected to your home Wi-Fi network?,False,,base,battery_drain_power,battery_drain_power,no,None - Standard technical troubleshooting path.,- Acknowledge battery drain issue; instruct checking Settings > Battery for high-usage apps; provide DM link for battery diagnostics.
54,1533003,"Tendrá solución su #IOS 11.0.3 @115858 ??? No solo los problemas en batería también en aplicaciones, nulas notificaciones, se pasman... mala decisión de actualizarlo 🙎🏻",@475472 We offer support via Twitter in English. Get help in Spanish here: https://t.co/IBIY3vMgPj or join https://t.co/OczyRx7IOs,False,,base,system_performance_freeze,system_performance_freeze,no,None - Standard technical troubleshooting path.,- Request exact device model and iOS version; suggest force-restart; offer DM link for step-by-step diagnostic settings.
55,2676014,"IOS 11.0.3 is the worst ever. I can't receive any call, my application are bugging. Well done @115858, @applesupport!!","@753212 Let's look into this together. DM us the device you're experiencing this on, and we'll get started. https://t.co/GDrqU22YpT",False,,base,system_performance_freeze,system_performance_freeze,no,None - Standard technical troubleshooting path.,- Request exact device model and iOS version; suggest force-restart; offer DM link for step-by-step diagnostic settings.
56,770136,"@AppleSupport wow, after update awhile ago. How does my 7plus lose 7% batter just sitting next to me? This update drains battery!",@303905 Great battery life is important. Let's pair up in DM to get a better look at this. https://t.co/GDrqU22YpT,False,,base,battery_drain_power,battery_drain_power,no,None - Standard technical troubleshooting path.,- Acknowledge battery drain issue; instruct checking Settings > Battery for high-usage apps; provide DM link for battery diagnostics.
57,2577692,"@AppleSupport Thanks but this top location still exists and I will not be going back to it, it only says share and not remove, please help. https://t.co/c3sE16WaAA","@730848 Reach out to us via DM, then we can advise you from there on this. https://t.co/GDrqU22YpT",False,,hard_d,other,other,no,None - Standard technical troubleshooting path.,- Acknowledge customer feedback empathetically; ask clarifying questions regarding specific behavior; provide official Apple Support resources.
58,829157,"@AppleSupport Having VoiceOver issues. Apps are sometimes slow, or crash. Really frustrated that I can't roll back to 10.3.3 Much more stable.","@317448 Understood. Please send us a DM with additional details, and we'll continue working towards a resolution there. https://t.co/GDrqU22YpT",False,,base,system_performance_freeze,system_performance_freeze,yes,Rule 1: Legal / Regulatory / Law Enforcement / Chargeback Threat.,- Request exact device model and iOS version; suggest force-restart; offer DM link for step-by-step diagnostic settings.
59,2618321,@AppleSupport Can I please understand why am I getting an update request for iPhone X when am using iPhone 7? https://t.co/8o1BZFMgQs,"@739943 Hey there. We'll be happy to help answer that for you. While the update targets specific issues in the iPhone X, it is available for all iOS devices compatible with iOS 11. Questions? DM us. https://t.co/GDrqU22YpT",True,"@AppleSupport Last time I update my iPhone 7, the whole screen went black and I could only see the Apple logo. Are you sure I can do the update without this happening again?",hard_a,other,system_performance_freeze,no,None - Standard technical troubleshooting path.,- Request exact device model and iOS version; suggest force-restart; offer DM link for step-by-step diagnostic settings.
60,2110849,"@AppleSupport have an issue with being locked out of my Apple ID, and I don't know why it's not working",@436865 Hi there. We'd like for you to gain access to your Apple ID as quickly as possible. Please follow the steps in this article: https://t.co/HH37urdbz9,True,"@AppleSupport This didn't help much the trusted ""number"" isn't a SIM card I have anymore",base,account_icloud_login,account_icloud_login,yes,Rule 1: Legal / Regulatory / Law Enforcement / Chargeback Threat.,- Direct user to iforgot.apple.com; guide through Two-Factor Authentication recovery steps; caution against sharing credentials publicly.
61,2305918,When is @AppleSupport gonna fix my letter “l”. I’m tired of using lower case L’s as “l” without them turning into I️ 😒,"@669003 iOS 11.1.1 was recently released and it includes a fix for autocorrect issues. Be sure to back up your device prior to updating, and let us know if the issue persists afterwards. How to back up: https://t.co/4f8hwTn4fE",False,,base,keyboard_autocorrect_bug,keyboard_autocorrect_bug,no,None - Standard technical troubleshooting path.,- Acknowledge known iOS autocorrect letter glitch; provide Settings > Keyboard > Text Replacement workaround; advise updating to latest iOS patch.
62,590901,"Hey @AppleSupport, screen just popped off all of a sudden, clean fracture all around. Never dropped, no issues whatsoever up to now. Is this documented? Other cases? Battery seems inflated some, but cannot say for sure. https://t.co/Zwz0jTRIcZ",@259779 We want to look into your options with you. Here's a link to DM us. https://t.co/GDrqU22YpT,False,,base,other,battery_drain_power,yes,Rule 1: Legal / Regulatory / Law Enforcement / Chargeback Threat.,- Acknowledge battery drain issue; instruct checking Settings > Battery for high-usage apps; provide DM link for battery diagnostics.
63,2122599,@AppleSupport iPhone 8 - Music bar doesn’t move along with song. https://t.co/n1UxX7a44U,@235090 Thanks for reaching out to us about this. Send us a DM and let us know what iOS version you're running. We will help you there. https://t.co/GDrqU22YpT,False,,base,other,other,no,None - Standard technical troubleshooting path.,- Acknowledge customer feedback empathetically; ask clarifying questions regarding specific behavior; provide official Apple Support resources.
64,1003825,@AppleSupport iPhone 6s is having trouble with audio while playing music.,"@357591 We'll gladly assist. Can you describe the audio trouble in detail? Also, what version of the iOS is running on that 6s?",True,@AppleSupport Im using 11.0.3. Sometimes audio doesn’t play. It plays after r starting or after sometime,base,audio_music_playback,audio_music_playback,no,None - Standard technical troubleshooting path.,- Inquire whether issue occurs on downloaded vs streamed music; recommend toggling iCloud Music Library / Sync Library; suggest reinstalling Music app.
65,553477,@AppleSupport It looks like photos are disappearing from my Apple Photos / iCloud account - what should I do?!,@249083 We know how important your photos are. Let's get you in touch with our Photos experts. Choose Apps &amp; Software &gt; iOS Apps &gt; Photos for iOS here: https://t.co/IBIY3vMgPj,False,,base,account_icloud_login,battery_drain_power,no,None - Standard technical troubleshooting path.,- Acknowledge battery drain issue; instruct checking Settings > Battery for high-usage apps; provide DM link for battery diagnostics.
66,1480764,Eugh. Moved iTunes to a family account and now it’s borked our photo library. Thanks @AppleSupport !,@132910 We are here to help. DM us the details of your issue. https://t.co/GDrqU22YpT,False,,base,audio_music_playback,battery_drain_power,no,None - Standard technical troubleshooting path.,- Acknowledge battery drain issue; instruct checking Settings > Battery for high-usage apps; provide DM link for battery diagnostics.
67,2677919,@AppleSupport  iOS update drains my iPhone 6s battery. Please fix!,@753616 Thanks for reaching out. DM the country or region where you are currently located so we can help. https://t.co/GDrqU22YpT,False,,base,battery_drain_power,battery_drain_power,no,None - Standard technical troubleshooting path.,- Acknowledge battery drain issue; instruct checking Settings > Battery for high-usage apps; provide DM link for battery diagnostics.
68,1658290,@AppleSupport needs to get it together and fix the question mark boxes that I keep seeing!,@505953 Here’s what you can do to work around the issue until it’s fixed in a future software update: https://t.co/xXaXeeSRt9,True,@AppleSupport This doesn’t fix the fact that im seeing it on others posts. Mine are fine but seeing it is what’s annoying.,base,keyboard_autocorrect_bug,other,no,None - Standard technical troubleshooting path.,- Acknowledge customer feedback empathetically; ask clarifying questions regarding specific behavior; provide official Apple Support resources.
69,1524148,@AppleSupport does the #iPhoneX come with iOS 11.1 installed? Should I upgrade my current phone to 11.1?,"@473506 Hi! The iPhone X does come with iOS 11, but may need to be updated to iOS 11.1. Check here for steps: https://t.co/80YRnjDFDk",False,,base,system_performance_freeze,system_performance_freeze,no,None - Standard technical troubleshooting path.,- Request exact device model and iOS version; suggest force-restart; offer DM link for step-by-step diagnostic settings.
70,1537012,I'm heated my phone's charging port won't work and now my phone won't turn back on @115858 does a shitty job with these iPhones I stg,@476534 Hi. We're here to help. Have you checked out the steps here: https://t.co/8MvHMFZ83h,False,,base,battery_drain_power,battery_drain_power,no,None - Standard technical troubleshooting path.,- Acknowledge battery drain issue; instruct checking Settings > Battery for high-usage apps; provide DM link for battery diagnostics.
71,2309271,I️ I️ I️ I️ I️ I️ I️ I️ I️ I️ I️ I️ I️ I️ I️ I️ I️ I️ I️ I️ I️ I️ I️ I️ I️ I️ I️ I️ I️ I️ I️ I️ I️ I️ I️ I️ I️ I️ I️ I️ I️ I️ I️ I️ I️ I️ I️ I️ I️ I️ I️ I️ I️ I️ I️ I️ I️ I️ I️ I️ I️  fix this @115858,"@368703 We certainly want to do all we can to resolve this issue. To help get us started through troubleshooting, may we have the current iOS version shown in Settings &gt; General &gt; About?",True,@AppleSupport It’s iOS 11.1,base,keyboard_autocorrect_bug,keyboard_autocorrect_bug,no,None - Standard technical troubleshooting path.,- Acknowledge known iOS autocorrect letter glitch; provide Settings > Keyboard > Text Replacement workaround; advise updating to latest iOS patch.
72,2138197,Panchod... what is this shit @AppleSupport https://t.co/jU37MjvzPY,@628905 Here’s what you can do to work around the issue until it’s fixed in a future software update: https://t.co/xXaXeeSRt9,False,,base,other,other,no,None - Standard technical troubleshooting path.,- Acknowledge customer feedback empathetically; ask clarifying questions regarding specific behavior; provide official Apple Support resources.
73,1589335,Why can’t I see the emojis after the update? @AppleSupport,@488717 Hey there! We'd like to lend a hand. Could you tell us which iPhone and iOS  version you're using?,True,@AppleSupport iPhone 8 Plus. Version 11.1,hard_c,keyboard_autocorrect_bug,system_performance_freeze,no,None - Standard technical troubleshooting path.,- Request exact device model and iOS version; suggest force-restart; offer DM link for step-by-step diagnostic settings.
74,1803119,iOS 11 doesn’t talk to my car’s entertainment system anymore. Worked great on 10. Thanks @AppleSupport ! https://t.co/uIYzE9OzBI,@308952 We're happy to help. Can you tell us which version of iOS 11 you are currently using please?,True,@AppleSupport 11.0.1 on an iPhone 7 and no way am I updating any further until you guys fix the battery drain and these bugs. Let us go back down to 10.,hard_c,other,system_performance_freeze,no,None - Standard technical troubleshooting path.,- Request exact device model and iOS version; suggest force-restart; offer DM link for step-by-step diagnostic settings.
75,2773153,How the shit am I charging my phone and it goes from 98 to 81 percent? @115858 wth,@775086 We can help get this charging like it should. Are you using the Apple branded charger and adapter that came with your iPhone? What phone and iOS do you have?,False,,base,battery_drain_power,battery_drain_power,no,None - Standard technical troubleshooting path.,- Acknowledge battery drain issue; instruct checking Settings > Battery for high-usage apps; provide DM link for battery diagnostics.
76,1240105,@AppleSupport The device is a @23262 #kickrsnap. It shows fine on my @13948 #fenix. But no show on #iPhone,"@410880 Thanks! Have you been able to pair the device previously with iPhone? Meet us in DM to continue, please. https://t.co/GDrqU22YpT",False,,base,connectivity_network,other,no,None - Standard technical troubleshooting path.,- Acknowledge customer feedback empathetically; ask clarifying questions regarding specific behavior; provide official Apple Support resources.
77,35347,"@AppleSupport my iphone 6s is rendered two 2 hours. Drained battery, killed all non used apps and still two hours. #newiosblows",@123705 Let's look into what's happening together. Send us a DM telling us the country you're located in to begin. https://t.co/GDrqU22YpT,False,,hard_c,battery_drain_power,battery_drain_power,no,None - Standard technical troubleshooting path.,- Acknowledge battery drain issue; instruct checking Settings > Battery for high-usage apps; provide DM link for battery diagnostics.
78,2179471,"@AppleSupport whatever is wrong with the operating system, you people need to fix.  I’ve had this 7 for a few months and this phone has been a pain in the ass for the last month or so.","@582125 We're glad to help. Tell us what's going on? Also, what version of iOS are you currently running? Find that in Settings &gt; General &gt; About.",True,"@AppleSupport It’s the current one.  I checked.  Apps refuse to open and when they get stuck, I can’t get my phone to reset or even turn off until the phone decides it wants to.  Usually after a couple of minutes of being stuck on whatever app",hard_c,system_performance_freeze,other,no,None - Standard technical troubleshooting path.,- Acknowledge customer feedback empathetically; ask clarifying questions regarding specific behavior; provide official Apple Support resources.
79,2280579,@AppleSupport I accidentally bought an app for £6.99 but it was an accident. Pls help refund this???,"@662957 Hello. we are here to help. Please use the following link for further assistance with this purchase:

 https://t.co/SDIe7UiyJN",True,@AppleSupport I tried to refund it but it says item not available for refund 😳😳😳😳,base,system_performance_freeze,billing_app_store,no,None - Standard technical troubleshooting path.,- Direct customer to reportaproblem.apple.com to review purchase history; outline refund request process; explain subscription cancellation steps.
80,1345651,Left home with full charge this morning at 8:30... Why is my phone at 26% with minimal usage? 😡 @AppleSupport,@433776 We can help. Which iPhone do you own? What iOS is shown in Settings &gt; General &gt; About?,True,@AppleSupport 6s. iOS 11.1 beta 5,base,connectivity_network,battery_drain_power,no,None - Standard technical troubleshooting path.,- Acknowledge battery drain issue; instruct checking Settings > Battery for high-usage apps; provide DM link for battery diagnostics.
81,1492293,"Dear @115858 

I️  

From Angry Customer",@466547 We’ve got your back. Check out the workaround in this article and DM us any questions you may have: https://t.co/xU1AGHStV6 https://t.co/GDrqU22YpT,False,,base,battery_drain_power,keyboard_autocorrect_bug,no,None - Standard technical troubleshooting path.,- Acknowledge known iOS autocorrect letter glitch; provide Settings > Keyboard > Text Replacement workaround; advise updating to latest iOS patch.
82,462016,@115858 can you help me ? https://t.co/10qVPVahne,"@224795 Thanks for reaching out to us for support. We would love to help you. When you have a free moment, please check out the following link for support. 

If your Apple ID is locked or disabled
https://t.co/HH37urdbz9",True,"@AppleSupport I’ve done that.  I can sign in and sign out, but when I try and update an app it says ‘disabled’.",base,other,other,no,None - Standard technical troubleshooting path.,- Acknowledge customer feedback empathetically; ask clarifying questions regarding specific behavior; provide official Apple Support resources.
83,1173946,Apple account has been disabled...why? Why was I not told? Why can’t I download apps. Stupid @AppleSupport,@396120 This article explains what to do when your account is disabled: https://t.co/HH37uqVAaz,True,@AppleSupport Followed it and “recovered” my account yet my Apple ID is still disabled. What next then?,hard_a,audio_music_playback,other,no,None - Standard technical troubleshooting path.,- Acknowledge customer feedback empathetically; ask clarifying questions regarding specific behavior; provide official Apple Support resources.
84,109050,"@AppleSupport Do I have to buy an iPhone 8 directly from Apple to be eligible for AppleCare+ or can I buy the phone separately and add AC+ afterwards, as long as it's within 60 days of my purchase?","@140204 That's a great question! No, you don't have to buy your iPhone directly from us. Please take a look at the following article for some guidance on purchasing an AppleCare plan for your device: https://t.co/brpZQUaYqu",True,@AppleSupport Thank you very much!,base,account_icloud_login,billing_app_store,no,None - Standard technical troubleshooting path.,- Direct customer to reportaproblem.apple.com to review purchase history; outline refund request process; explain subscription cancellation steps.
85,1990610,@115858 Cannot seem to order the X is there a problem?,@278601 Thanks for reaching out. We're here to help. DM us letting us know your current country so we can look into this further with you. https://t.co/GDrqU22YpT,False,,base,keyboard_autocorrect_bug,other,no,None - Standard technical troubleshooting path.,- Acknowledge customer feedback empathetically; ask clarifying questions regarding specific behavior; provide official Apple Support resources.
86,2500898,"So, @115858 and the @118936 is warning me that I can’t get a refund when I press buy and something about 14 days... Does this mean I can get a refund Before buying the app?
Idiotic system. Lack of refund is a major problem in the App Store.",@713432 Thanks for reaching out. We're here to help. DM us so we can look into this further with you. https://t.co/GDrqU22YpT,False,,hard_c,keyboard_autocorrect_bug,billing_app_store,no,None - Standard technical troubleshooting path.,- Direct customer to reportaproblem.apple.com to review purchase history; outline refund request process; explain subscription cancellation steps.
87,1830275,Hey @115858 can you PLEASE update iOS so my Bluetooth stops disconnecting from my car every five minutes?,@549235 We can offer some assistance. Which device are you having this issue with? Let us know in DM and we'll continue there. https://t.co/GDrqU22YpT,False,,base,connectivity_network,connectivity_network,no,None - Standard technical troubleshooting path.,- Guide user to Settings > General > Reset > Reset Network Settings; advise toggling Airplane Mode; ask to test on alternate Wi-Fi network.
88,1918026,@AppleSupport I’m so over iphones at this point. there’s always something wrong with my phone. i need assistance please,"@212364 We're happy to see how we can help with your iPhone. To get started, DM us what's going on. We'll meet you there. https://t.co/GDrqU22YpT",False,,base,audio_music_playback,other,no,None - Standard technical troubleshooting path.,- Acknowledge customer feedback empathetically; ask clarifying questions regarding specific behavior; provide official Apple Support resources.
89,1867138,"@AppleSupport Camera didn’t recognize bar code? One of the kind store associates helped me out, but frustrating experience.","@557775 Does it appear to be working now? If not, let's pair up in DM to get a closer look at what happened here. https://t.co/GDrqU22YpT",False,,base,camera_photos_media,camera_photos_media,no,None - Standard technical troubleshooting path.,- Verify if issue occurs in front vs rear lens and 3rd-party apps; suggest force-closing Camera app; check iCloud Photos sync status.
90,633890,"@115858 @AppleSupport Hi, hope you can assist.I recently lost my phone however I still have my apple watch. Do you know of an app that can help with regards to getting workouts synched for vitality etc. Thanks","@270259 We're sorry to hear about the loss of your iPhone. To sync your data, the Apple Watch would need a synced iPhone. DM us if you have further questions on this. https://t.co/GDrqU22YpT",False,,hard_d,keyboard_autocorrect_bug,other,no,None - Standard technical troubleshooting path.,- Acknowledge customer feedback empathetically; ask clarifying questions regarding specific behavior; provide official Apple Support resources.
91,1983987,@AppleSupport you was up with this &gt;&gt; I️,@587262 We'd love to look into this with you. Let us know which software version is currently running on your phone. DM us here: https://t.co/GDrqU22YpT,False,,base,keyboard_autocorrect_bug,keyboard_autocorrect_bug,no,None - Standard technical troubleshooting path.,- Acknowledge known iOS autocorrect letter glitch; provide Settings > Keyboard > Text Replacement workaround; advise updating to latest iOS patch.
92,2062869,The new iOS 11 update is terrible. My phone keeps freezing and shutting off by itself. Thanks @115858,"@610084 We're here to help. Does it freeze while using a particular app? When it reboots, what do you see? Let us know in DM. https://t.co/GDrqU22YpT",False,,hard_d,system_performance_freeze,system_performance_freeze,no,None - Standard technical troubleshooting path.,- Request exact device model and iOS version; suggest force-restart; offer DM link for step-by-step diagnostic settings.
93,1752412,@AppleSupport There are still some issues. As mentioned before I’ll keep an eye on it and ask again if necessarily. Thanks for you help!,@527931 That sounds like a great plan. We will be here if you need us.,False,,hard_d,system_performance_freeze,other,yes,Rule 1: Legal / Regulatory / Law Enforcement / Chargeback Threat.,- Acknowledge customer feedback empathetically; ask clarifying questions regarding specific behavior; provide official Apple Support resources.
94,2106013,Anyone else having issues with their camera since the upgrade to #ios11? More often than not my camera shows a black screen. @AppleSupport https://t.co/Nup5edwUxm,@478379 Let's get your camera working properly. Please work through these steps https://t.co/7lrNmsJrXs and DM if the issue continues.,False,,base,camera_photos_media,camera_photos_media,yes,Rule 1: Legal / Regulatory / Law Enforcement / Chargeback Threat.,- Verify if issue occurs in front vs rear lens and 3rd-party apps; suggest force-closing Camera app; check iCloud Photos sync status.
95,2506703,@AppleSupport Can you explain to me as to why earlier when I went into my photos app on my phone that it shut down and now all my photos are gone? Including the ones that were transferred over to my iCloud... they are also gone. Cheers. I want an explanation...,"@714728 We'd love to help with this. First, we know how important your pictures and videos are so we'd like to check to make sure they're available on your account by signing into the iCloud website: https://t.co/MdGttkkFL9 DM us using the following link and we'll dig in. https://t.co/GDrqU22YpT",False,,base,account_icloud_login,battery_drain_power,no,None - Standard technical troubleshooting path.,- Acknowledge battery drain issue; instruct checking Settings > Battery for high-usage apps; provide DM link for battery diagnostics.
96,550848,@AppleSupport it still says it’s restricted for me https://t.co/qyI61fjqtM,@248334 We have received your DM. Look for a reply from us there shortly.,False,,base,other,other,no,None - Standard technical troubleshooting path.,- Acknowledge customer feedback empathetically; ask clarifying questions regarding specific behavior; provide official Apple Support resources.
97,1709239,Just fully charged my iphone &amp; it reads 51% @115858 are terrible at declaring their true percentages #ParadisePapers,@517917 Having your iPhone's battery life indicate as accurately as possible is important. What iOS version is on the iPhone currently?,False,,base,battery_drain_power,battery_drain_power,no,None - Standard technical troubleshooting path.,- Acknowledge battery drain issue; instruct checking Settings > Battery for high-usage apps; provide DM link for battery diagnostics.
98,52290,Dear @115858 I can turn my own Bluetooth&amp;wifi on/off.. and please give me back my ringer volume buttons. K thanks,"@127762 Happy to help, head to Settings &gt; Sounds &amp; Haptics and make sure that ""Change with Buttons"" is turned on.",True,@AppleSupport 🤦🏽‍♀️ thank you!!,base,connectivity_network,connectivity_network,no,None - Standard technical troubleshooting path.,- Guide user to Settings > General > Reset > Reset Network Settings; advise toggling Airplane Mode; ask to test on alternate Wi-Fi network.
99,146685,"IOS 11.1.2 battery draining is shitting on me. My iPhone 6S’ battery literally goes from 70% to 30% in minutes, and to make it worse, it takes over 4 hours to fully charge. @AppleSupport",@149299 We want to help. DM us if this has only been happening since the most recent update and let us know which country you're in. We'll go from there. https://t.co/GDrqU22YpT,True,@AppleSupport @149299 Been sending you DM’s for over two weeks and no response. Have you fixed a single person’s iOS 11.x.x battery problem yet?,base,battery_drain_power,battery_drain_power,no,None - Standard technical troubleshooting path.,- Acknowledge battery drain issue; instruct checking Settings > Battery for high-usage apps; provide DM link for battery diagnostics.
100,303132,@115858 I can't ACTIVATE MY NEW PHONE bc i need a verification code being sent to my phone that I can't get until it's activated pls help,@188353 We'd love to help! This link will help you get a verification code: https://t.co/gZlEJEsNrU,True,@AppleSupport it still isn't working :'( has me locked out for too many attempts v frustrated just want to be able to use my phone,hard_a,keyboard_autocorrect_bug,account_icloud_login,no,None - Standard technical troubleshooting path.,- Direct user to iforgot.apple.com; guide through Two-Factor Authentication recovery steps; caution against sharing credentials publicly.
101,2973436,"@AppleSupport I just opened my new iPhone X, Apple Watch can be paired with both phones at the same time?","@820054 We're happy to answer that. The Apple Watch functions as an extension of the iPhone to which it is paired. Pairing to two iPhones would cause conflicting information, so it can only be paired with one iPhone at a time. Let us know if you have further questions.",True,"@AppleSupport Yes, I do have one more, meaning I have to reset Watch and do it all over again? Thanks 🙏",hard_a,system_performance_freeze,connectivity_network,no,None - Standard technical troubleshooting path.,- Guide user to Settings > General > Reset > Reset Network Settings; advise toggling Airplane Mode; ask to test on alternate Wi-Fi network.
102,1277191,"@AppleSupport @418918 Norway, same problem. Please fix this 😒",@418917 DM us which device and version of iOS you’re using. We’ll work together to find a resolution. https://t.co/GDrqU22YpT,False,,base,battery_drain_power,other,no,None - Standard technical troubleshooting path.,- Acknowledge customer feedback empathetically; ask clarifying questions regarding specific behavior; provide official Apple Support resources.
103,2002683,"@115858 @AppleSupport A phone that costs this much money shouldn’t have any problems, but no, mine is full of bugs and glitches that “aren’t fixable”.",@592188 Let’s work together on this situation. Could you let us know more details via a DM? We’ll keep moving forward from there. https://t.co/GDrqU22YpT,False,,base,system_performance_freeze,system_performance_freeze,no,None - Standard technical troubleshooting path.,- Request exact device model and iOS version; suggest force-restart; offer DM link for step-by-step diagnostic settings.
104,2136626,"My dad has spent 5hrs trying to sort out his new #iphone8 
Laughing at him stopped being funny 2hrs ago. 
@115858 SEND HELP https://t.co/XWuRRfraqc",@628529 We’ll be glad to partner with your dad. Have him send us a DM here: https://t.co/GDrqU22YpT,False,,base,other,other,no,None - Standard technical troubleshooting path.,- Acknowledge customer feedback empathetically; ask clarifying questions regarding specific behavior; provide official Apple Support resources.
105,1232302,@AppleSupport I’ve read all that before and it doesn’t apply. Only way for me to make it work is to turn on Dictation,"@142965 Got it. Reach out to your carrier to be sure this is a supported feature, then update us in DM: https://t.co/GDrqU22YpT",False,,hard_c,system_performance_freeze,other,no,None - Standard technical troubleshooting path.,- Acknowledge customer feedback empathetically; ask clarifying questions regarding specific behavior; provide official Apple Support resources.
106,1132173,@AppleSupport I have a month with my iPhone 8plus³ and still do not finish loading my photos.! I have good Internet and no load!,@386788 Hi there! We've received your DM as well and look forward to working with you there.,False,,base,system_performance_freeze,battery_drain_power,no,None - Standard technical troubleshooting path.,- Acknowledge battery drain issue; instruct checking Settings > Battery for high-usage apps; provide DM link for battery diagnostics.
107,1697313,@AppleSupport I️ please fix your bug in the latest update please,@514843 Here’s what you can do to work around the issue until it’s fixed in a future software update: https://t.co/xXaXeeSRt9,False,,base,battery_drain_power,keyboard_autocorrect_bug,no,None - Standard technical troubleshooting path.,- Acknowledge known iOS autocorrect letter glitch; provide Settings > Keyboard > Text Replacement workaround; advise updating to latest iOS patch.
108,1971081,fix your ish @115858 https://t.co/W7knTsBXhI,@583847 We'd like to look into this with you. Please DM us your current iOS version and what kind of iPhone you're using. https://t.co/GDrqU22YpT,False,,base,other,other,no,None - Standard technical troubleshooting path.,- Acknowledge customer feedback empathetically; ask clarifying questions regarding specific behavior; provide official Apple Support resources.
109,2841997,@AppleSupport Thank you. So after the account recovery is successful I should be able to log her into a new iPhone? Her phone was lost so I'm trying to transfer service to another one.,"@460161 Great question! Once the Account Recovery process has completed, you’ll be able to access her account so you can make changes and sign in on her new device.",True,"@AppleSupport Another question, if we buy her a new iPhone will this problem prevent it from being activated (or being used as a phone with her existing number)?",base,system_performance_freeze,other,no,None - Standard technical troubleshooting path.,- Acknowledge customer feedback empathetically; ask clarifying questions regarding specific behavior; provide official Apple Support resources.
110,61405,@AppleSupport I have updated to the latest version and now my phone is slower than ever!! What in the fuck??? Either give me my 700$ back or fix my phone. I want it to be as fast as it was the day I purchased it. And no memory is not full cause it’s the 64gb! Fix this @115858,@130049 Let's check this out together. Follow us to DM and we'll take a closer look. https://t.co/GDrqU22YpT,False,,hard_b,battery_drain_power,billing_app_store,no,None - Standard technical troubleshooting path.,- Direct customer to reportaproblem.apple.com to review purchase history; outline refund request process; explain subscription cancellation steps.
111,1760243,So I keep getting unknown errors when I try to update my phone... @AppleSupport what's good?,@529791 WE'd like to help! Are you updating over the air via Wi-Fi or iTunes on the computer?,True,@AppleSupport I did both and still received an error notification,hard_a,system_performance_freeze,system_performance_freeze,no,None - Standard technical troubleshooting path.,- Request exact device model and iOS version; suggest force-restart; offer DM link for step-by-step diagnostic settings.
112,2291643,"Phone freezes all the time now. I'll be in the middle of typing an iMessage &amp; it just stops typing, then jolts back to life like a frozen computer. All of my apps freeze as well. Snapchat/tinder the most. This is literally the worst update ever for a phone. @AppleSupport #ios1103","@267786 We're here for you. Send us a DM, and we'll continue investigating this issue together there. https://t.co/GDrqU22YpT",False,,hard_b,keyboard_autocorrect_bug,system_performance_freeze,no,None - Standard technical troubleshooting path.,- Request exact device model and iOS version; suggest force-restart; offer DM link for step-by-step diagnostic settings.
113,620215,My work computer crashed twice in an hour already!!! @AppleSupport fix ya shit!,"@267202 We'd be glad to look into this with you. Meet up with us in DM with as many details as you can, and we'll get started working on solutions. https://t.co/GDrqU22YpT",False,,base,keyboard_autocorrect_bug,other,no,None - Standard technical troubleshooting path.,- Acknowledge customer feedback empathetically; ask clarifying questions regarding specific behavior; provide official Apple Support resources.
114,2299184,"The phone’s touchscreen literally did not work and touched everything by itself like crazy just after 10 minutes after activating the iPhone X. Finally it ended up unresponsive. I paid $1,490 for this piece of rock??? @AppleSupport","@667359 Thank you for reaching out to us. We're here to help. To start, we recommend following the steps outlined in this article: https://t.co/kQXBriN504

Let us know if the issue continues after completing those steps.",True,@AppleSupport The screen is now completely unresponsive and the phone is unusable. I did lots of research and restarted like 100 times already and still it is like a piece of rock. The phone shop also doesn’t change a new one for me. I lost all my trust with Apple finally.,hard_a,system_performance_freeze,system_performance_freeze,no,None - Standard technical troubleshooting path.,- Request exact device model and iOS version; suggest force-restart; offer DM link for step-by-step diagnostic settings.
115,589538,"@AppleSupport I have an iPhone 7 running 11.1.2 with massive battery issue (battery was fine on 10.x). In 1h28m of use (mostly Safari, no video), I have dropped 25%. See attached. Could it have anything to do with brand new Apple watch 3 with cellular? https://t.co/BvXwHL2vqF",@252265 We understand battery life is important. We want to help. Have you had a chance to update to iOS 11.2? Make sure you have a backup prior to updating: https://t.co/4f8hwT5to6,True,"@AppleSupport No. I read through the release notes for 11.2 and saw nothing about fixing battery life. Did I miss something? If 11.2 is even worse, I know I can't go back.",base,battery_drain_power,battery_drain_power,yes,Rule 1: Legal / Regulatory / Law Enforcement / Chargeback Threat.,- Acknowledge battery drain issue; instruct checking Settings > Battery for high-usage apps; provide DM link for battery diagnostics.
116,483165,"Bekam jemand von Euch dieses von @AppleSupport mit #ios11 verursachte Problem der #Foto-App gelöst? Ein workaround vielleicht? In der #iCloud sind die Fotos vorhanden, aber kommen nicht zurück aufs #iPhone - bei mir fehlen 10.000 davon seit ios11 #Iphonesucks #iphone6 @216880 https://t.co/ZsmcTMPQtM",@122941 We offer support via Twitter in English. Contact us for help in your preferred language here: https://t.co/IBIY3vMgPj,True,"@AppleSupport I just mentioned you, since you are obviously the only account here from Apple, which is alive (though you are worth $ 874.000.000.000 you don't have money for a German-speaking Twitter support account..), but the tweet is directed to others with the same bug, you did not remove.",hard_b,other,account_icloud_login,no,None - Standard technical troubleshooting path.,- Direct user to iforgot.apple.com; guide through Two-Factor Authentication recovery steps; caution against sharing credentials publicly.
117,2776048,@AppleSupport 2007 iMac running 10.11.6.  Suddenly keep getting warning about this Mac can’t connect to iCloud error. However messages and FaceTime calls keep coming through.,"@248164 You’re in the right place for help. Since noticing this message, have you had a chance to restart your iMac? This step may seem simple, but it can resolve minor issues.",True,@AppleSupport This issue has once again come back.,hard_a,system_performance_freeze,account_icloud_login,yes,Rule 1: Legal / Regulatory / Law Enforcement / Chargeback Threat.,- Direct user to iforgot.apple.com; guide through Two-Factor Authentication recovery steps; caution against sharing credentials publicly.
118,2121588,"@AppleSupport I was using apple mail, music and fb. Nothing else.",@245900 Alright. Send us a DM and we can take a closer look into this. https://t.co/GDrqU22YpT,False,,base,audio_music_playback,other,no,None - Standard technical troubleshooting path.,- Acknowledge customer feedback empathetically; ask clarifying questions regarding specific behavior; provide official Apple Support resources.
119,2277983,"@AppleSupport Really, still? https://t.co/tNEltaT3Jt",@662410 We want to help. Were you just in an application while your device was being held in this orientation? What's the exact iOS software being used? Does restarting your device make any difference?,False,,base,other,other,no,None - Standard technical troubleshooting path.,- Acknowledge customer feedback empathetically; ask clarifying questions regarding specific behavior; provide official Apple Support resources.
120,1990465,@AppleSupport - Control Center Wi-fi and Bluetooth option r not actually turning off the things already on . Fix please #iOS11 v3,@589071 The following guide details the relationship between Wi-Fi and Bluetooth within Control Center: https://t.co/G7BHuQnDS6,False,,base,connectivity_network,connectivity_network,no,None - Standard technical troubleshooting path.,- Guide user to Settings > General > Reset > Reset Network Settings; advise toggling Airplane Mode; ask to test on alternate Wi-Fi network.
121,1626577,"@AppleSupport old 6S iCloud backup “cannot delete at this time”, been trying for 2 days now. Can you help me get rid of it?",@268292  Here is a link on how to delete the back up. Please reach out in DM if you are still having the issue https://t.co/vU7gSUiOfd,False,,base,account_icloud_login,account_icloud_login,no,None - Standard technical troubleshooting path.,- Direct user to iforgot.apple.com; guide through Two-Factor Authentication recovery steps; caution against sharing credentials publicly.
122,103230,@AppleSupport hi. i received an email about icloud payment from this email account and i'm wondering if it's fake since I domt have any apple decives at the moment so I didn't purchase anything. https://t.co/QHAcj2BpOA,@138714 Thanks for taking the time to reach out. We know it's important to be able to identify legitimate emails and we're here to get you pointed in the right direction. You'll want to review this article for help: https://t.co/LNMCdqt6fD,False,,hard_b,other,account_icloud_login,no,None - Standard technical troubleshooting path.,- Direct user to iforgot.apple.com; guide through Two-Factor Authentication recovery steps; caution against sharing credentials publicly.
123,2583093,"@AppleSupport good morning, please I need a help to fix my iPhone, it stops working due to the big issue in ios 11.0.1.
how can I let it work again without losing any of my data? 
thanks in advance",@732017 Good morning to you as well! We'd be happy to assist. Can you provide us with specific details about the issue you're having? We can provide you with customized troubleshooting steps based on that.,True,"@AppleSupport Thanks, I just start chatting with support right now 
thank you again",hard_d,keyboard_autocorrect_bug,system_performance_freeze,yes,Rule 1: Legal / Regulatory / Law Enforcement / Chargeback Threat.,- Request exact device model and iOS version; suggest force-restart; offer DM link for step-by-step diagnostic settings.
124,1171420,"@AppleSupport Hi, is it a known issue that after latest update ssh is no more working with all agents crashing or freezing? I.E. No @43874","@395501 Let's look into this together. Send us a DM with more information, and we'll continue from there. https://t.co/GDrqU22YpT",False,,base,system_performance_freeze,system_performance_freeze,yes,Rule 1: Legal / Regulatory / Law Enforcement / Chargeback Threat.,- Request exact device model and iOS version; suggest force-restart; offer DM link for step-by-step diagnostic settings.
125,826281,I spend more time trying to get my Apple iBabyCare to work than trying to put my baby to sleep. @AppleSupport 🤦🏼‍♀️,@316816 We're here to help. DM us what iOS version you're on. https://t.co/GDrqU22YpT,False,,base,account_icloud_login,other,no,None - Standard technical troubleshooting path.,- Acknowledge customer feedback empathetically; ask clarifying questions regarding specific behavior; provide official Apple Support resources.
126,704499,"@116333 sir i am from India and I have one complaint about apple service centre in India , I have iPhone 5s which is out of warranty and showing one issue while charging that These accessory may not be supported. I went two times at the Apple service centre for the problem.","@288350 Let's take a look at this with you. Send us a DM with more information on what you're seeing when you connect the cable. Also, have you tried another cable with the device? https://t.co/GDrqU22YpT",True,@AppleSupport Yes I have used a new cable which was given by apple service centre but still I am encountered with the same problem.,hard_a,system_performance_freeze,battery_drain_power,yes,Rule 1: Legal / Regulatory / Law Enforcement / Chargeback Threat.,- Acknowledge battery drain issue; instruct checking Settings > Battery for high-usage apps; provide DM link for battery diagnostics.
127,2171626,@AppleSupport Wow thanks!,"@313826 No problem, we're happy to help!",False,,base,system_performance_freeze,other,no,None - Standard technical troubleshooting path.,- Acknowledge customer feedback empathetically; ask clarifying questions regarding specific behavior; provide official Apple Support resources.
128,2955453,@AppleSupport can I add company name to my billing address for my personal Apple ID? Sometimes I buy software that I use at my company (self-employed). Would love to get VAT invoices for those particular orders (like recent @815844 Pro purchase). 😀,@623227 Thanks for taking the time to reach out to us. We'd like to get you in touch with our wonderful iTunes Store Advisors in regards to that question. You can reach them by using the following link: https://t.co/SDIe7UiyJN,False,,hard_b,keyboard_autocorrect_bug,account_icloud_login,no,None - Standard technical troubleshooting path.,- Direct user to iforgot.apple.com; guide through Two-Factor Authentication recovery steps; caution against sharing credentials publicly.
129,565047,"@115858 As much as I love Apple and have sworn by it I have to agree with that IOS11 has ruined my 6s ... it locks up, the battery is drained and my camera has stopped working 😂 going by how well I look after my phone personally I would of expected abit better out of the software",@257972 We want to help with your performance concerns. Reach out via DM using the link below and let us know what version of iOS 11 you're using. You can check by tapping Settings &gt; General &gt; About. https://t.co/GDrqU22YpT,False,,hard_b,battery_drain_power,battery_drain_power,no,None - Standard technical troubleshooting path.,- Acknowledge battery drain issue; instruct checking Settings > Battery for high-usage apps; provide DM link for battery diagnostics.
130,1355490,"@AppleSupport @115725 @VerizonSupport  my iPhone X has been ""reserved""...what does this mean",@406607 Our Online Sales Support would be best suited to assist you. You can reach them here: https://t.co/8yjRd1Xo0i,True,@AppleSupport @406607 If they were answering the phones you mean?,base,system_performance_freeze,other,no,None - Standard technical troubleshooting path.,- Acknowledge customer feedback empathetically; ask clarifying questions regarding specific behavior; provide official Apple Support resources.
131,1772827,Trying to add an email account andddd I️ cannot find the option in my settings anymore @AppleSupport wasssupp?,@532823 We're glad to hear you were able to find it. Don't hesitate to reach out to us if we can be of any help in the future.,False,,base,billing_app_store,keyboard_autocorrect_bug,no,None - Standard technical troubleshooting path.,- Acknowledge known iOS autocorrect letter glitch; provide Settings > Keyboard > Text Replacement workaround; advise updating to latest iOS patch.
132,1086057,What a great way to add to an already outstanding complaint by not phoning me when you were meant to...good one again @115858 @AppleSupport👏🏽,@376180 Let us look into this for you. Join us in DM so we can better assist you: https://t.co/GDrqU22YpT,False,,hard_d,keyboard_autocorrect_bug,other,no,None - Standard technical troubleshooting path.,- Acknowledge customer feedback empathetically; ask clarifying questions regarding specific behavior; provide official Apple Support resources.
133,2322522,@115858 WAIT I️ FIXED IT,"@672983 We recently released an iOS update, 11.1.1, that contains a fix for autocorrect issues. Let’s be sure to back up your device prior to updating. Follow the steps here: https://t.co/80YRnjDFDk",False,,base,system_performance_freeze,keyboard_autocorrect_bug,no,None - Standard technical troubleshooting path.,- Acknowledge known iOS autocorrect letter glitch; provide Settings > Keyboard > Text Replacement workaround; advise updating to latest iOS patch.
134,1725003,"Dear @115858 ,

Please re-enable the quick access feature for music apps other than the default music app",@521732 We appreciate your feedback. Let us know about features you'd like to see implemented or changed here: https://t.co/eTPVYVFyd8,False,,hard_c,audio_music_playback,audio_music_playback,no,None - Standard technical troubleshooting path.,- Inquire whether issue occurs on downloaded vs streamed music; recommend toggling iCloud Music Library / Sync Library; suggest reinstalling Music app.
135,2605773,@AppleSupport Both. It no longer will connect through USB at all. It connects via BT but it will not play through the speakers.,@536668 Let's take a closer look into this. DM us the exact OS version and we'll go from there. https://t.co/GDrqU22YpT,False,,base,billing_app_store,other,no,None - Standard technical troubleshooting path.,- Acknowledge customer feedback empathetically; ask clarifying questions regarding specific behavior; provide official Apple Support resources.
136,2304617,@AppleSupport good morning I have a problem with resetting my Apple ID,@668675 We'd love to help! What kind of trouble are you having?,False,,base,account_icloud_login,account_icloud_login,no,None - Standard technical troubleshooting path.,- Direct user to iforgot.apple.com; guide through Two-Factor Authentication recovery steps; caution against sharing credentials publicly.
137,1446437,Yo @AppleSupport why am I️ getting weird texts like this whenever I️ type an 'I'?? https://t.co/Jx3eE6WIau,@455634 We'd be happy to help. Please join us in DM so we may continue assisting. https://t.co/GDrqU22YpT,False,,base,other,keyboard_autocorrect_bug,no,None - Standard technical troubleshooting path.,- Acknowledge known iOS autocorrect letter glitch; provide Settings > Keyboard > Text Replacement workaround; advise updating to latest iOS patch.
138,2358565,@AppleSupport Is there any reason I wouldn't be able to restore a backup from my up to date 7+ to my new iphone X? Using iTunes on a PC.,"@681212 The iPhone X is exciting, and we're glad to do all we can to help. The steps here will help with restoring your backup through iTunes from your iPhone 7 Plus to your iPhone X: https://t.co/0zHmsKhraO",False,,base,audio_music_playback,other,no,None - Standard technical troubleshooting path.,- Acknowledge customer feedback empathetically; ask clarifying questions regarding specific behavior; provide official Apple Support resources.
139,2062641,Please fix the quality of your wires @115858 that it will last long. This really annoys me everytime this happens to my wire 😬 https://t.co/UiZB9CLvYU,"@610009 We know how vital the charging cord is &amp; we can definitely help. Please send us a DM, including the device you use with the cord. https://t.co/GDrqU22YpT",False,,base,other,other,no,None - Standard technical troubleshooting path.,- Acknowledge customer feedback empathetically; ask clarifying questions regarding specific behavior; provide official Apple Support resources.
140,2420768,Just confused why @115858 charged me $15 🤔like wtf .. I didn’t purchase anything,@695380 We can help point you in the right direction. Do you see a description next to the charge?,False,,base,battery_drain_power,battery_drain_power,no,None - Standard technical troubleshooting path.,- Acknowledge battery drain issue; instruct checking Settings > Battery for high-usage apps; provide DM link for battery diagnostics.
141,2255348,um @AppleSupport @115948 can someone explain why an album I preordered and purchased is no longer in my library and doesn’t let me play anything other than previews,"@656907 We can help. Open the iTunes Store app and then hit the More icon (...). From there, tap Purchased and Music. and then Tap ""Not on This [device]."" Do you see the album there? 

Click here for a walkthrough: https://t.co/I39AyMJNgb",False,,base,billing_app_store,billing_app_store,no,None - Standard technical troubleshooting path.,- Direct customer to reportaproblem.apple.com to review purchase history; outline refund request process; explain subscription cancellation steps.
142,1305653,"@AppleSupport iOS 11.0.3, 6 won’t give me best route to/from work/home when connecting to car’s BT, even with DND off.",@425112 Let's help take a closer look. Does the same behavior happen when not connected via Bluetooth?,True,@AppleSupport It used to happen automatically when connected to BT. Now I have to go to maps manually.,base,system_performance_freeze,system_performance_freeze,no,None - Standard technical troubleshooting path.,- Request exact device model and iOS version; suggest force-restart; offer DM link for step-by-step diagnostic settings.
143,1638741,@115858 I am pretty sick of having to charge my phone sometimes three times  a day since the IOS 11 update. When will this be fixed?????,@501099 We'd be happy to help. Check out these steps to see if they help: https://t.co/bivpdfBNJ6,False,,base,system_performance_freeze,battery_drain_power,no,None - Standard technical troubleshooting path.,- Acknowledge battery drain issue; instruct checking Settings > Battery for high-usage apps; provide DM link for battery diagnostics.
144,1821501,Customer service at the @115858 store in Naperville is awful,"@546835 We want you to have a good experience when visiting an Apple Store. DM us with details, and we'll look into it together. https://t.co/GDrqU22YpT",False,,base,system_performance_freeze,other,no,None - Standard technical troubleshooting path.,- Acknowledge customer feedback empathetically; ask clarifying questions regarding specific behavior; provide official Apple Support resources.
145,2119490,"Thank you @AppleSupport for making my iPhone 6 useless after the new iOS 11.0.3 update. It's actually worse than 11.0.2 and 11.0.1. Screen unresponsive, terribly slow, apps crashing, phone screen rotating randomly. The only fast thing is the battery draining!","@624606 Hi. We are here to help. Send us a DM, and we'll take a look into this. https://t.co/GDrqU22YpT",False,,hard_b,battery_drain_power,battery_drain_power,no,None - Standard technical troubleshooting path.,- Acknowledge battery drain issue; instruct checking Settings > Battery for high-usage apps; provide DM link for battery diagnostics.
146,2150011,Ok @115858 you really need to get it together with this question mark box shit,@631884 Here’s what you can do to work around the issue until it’s fixed in a future software update: https://t.co/xXaXeeSRt9,False,,base,keyboard_autocorrect_bug,other,no,None - Standard technical troubleshooting path.,- Acknowledge customer feedback empathetically; ask clarifying questions regarding specific behavior; provide official Apple Support resources.
147,2519303,"@AppleSupport @322876 I watch a lot of videos, but my iPhone X seems to be draining my battery extremely fast. And getting phone hot! I also watch twitch. Not sure if the X battery is just bad or if another issue",@717616 We'd like to guide you in the right direction. DM us which iOS 11 version you're on. https://t.co/GDrqU22YpT,False,,base,battery_drain_power,battery_drain_power,yes,Rule 1: Legal / Regulatory / Law Enforcement / Chargeback Threat.,- Acknowledge battery drain issue; instruct checking Settings > Battery for high-usage apps; provide DM link for battery diagnostics.
148,2552290,@AppleSupport Thanks! I don’t connect to anything else so just my car. Did it with my previous car too.,@276706 DM us your iOS version and we can take a look at this. https://t.co/GDrqU22YpT,True,@AppleSupport Just DMd you thanks,base,audio_music_playback,other,no,None - Standard technical troubleshooting path.,- Acknowledge customer feedback empathetically; ask clarifying questions regarding specific behavior; provide official Apple Support resources.
149,1418595,"@AppleSupport This has came up, it's saying that I made an in app purchase for coins. I had a subscription for this app before but I cancelled it as I no longer use this app and I never made an in app purchase with this app.. how can I sort this without paying for something I didn't do?? https://t.co/WUg3npRQqc",@449731 We appreciate the additional info. You should contact our iTunes Store team directly for help: https://t.co/SDIe7UiyJN,False,,base,billing_app_store,billing_app_store,no,None - Standard technical troubleshooting path.,- Direct customer to reportaproblem.apple.com to review purchase history; outline refund request process; explain subscription cancellation steps.
150,1874856,@AppleSupport @115858 If I can't downgrade do you want to pay for my new hardware? How about my salary the next week because I can't work without all this??!,"@349063 While you cannot revert to an old iOS, we can review your options. Please DM us with details about the app you cannot use. https://t.co/GDrqU22YpT",False,,base,keyboard_autocorrect_bug,other,no,None - Standard technical troubleshooting path.,- Acknowledge customer feedback empathetically; ask clarifying questions regarding specific behavior; provide official Apple Support resources.
151,2125053,"@AppleSupport Netflix works fine, when I plug my phone in to my tv via my Apple HDMI adapter it mirrors everything else but Netflix will freeze up for some reason","@625821 Is everything working normally when only using it on your iPhone? Also, what is the exact iOS version you have installed?",False,,hard_c,keyboard_autocorrect_bug,system_performance_freeze,no,None - Standard technical troubleshooting path.,- Request exact device model and iOS version; suggest force-restart; offer DM link for step-by-step diagnostic settings.
152,2948319,@AppleSupport How do I permanently switch off the ‘Live Photo’ and permanently keep on HDR? They both keep resetting after I have used my camera it’s so frustrating 😡,"@767422 Hello there. We're here to help. Live Photos is on by default. Once you turn off your Live Photos in your Camera, you can then preserve your Camera settings so that Live Photos is always on or off. Go to Settings &gt; Camera &gt; Preserve Settings.",True,@AppleSupport Thank you for your help,base,camera_photos_media,battery_drain_power,no,None - Standard technical troubleshooting path.,- Acknowledge battery drain issue; instruct checking Settings > Battery for high-usage apps; provide DM link for battery diagnostics.
153,1802719,@115858 It's finally succumbed to the touch disease that's plagued it for 12 months. Bad times! Just over five years since I had my first iPhone.,@472741 Let's take a look at it together. When did this start? Have you updated to iOS 11.0.3? Let us know in DM and we'll get started. https://t.co/GDrqU22YpT,False,,base,system_performance_freeze,system_performance_freeze,no,None - Standard technical troubleshooting path.,- Request exact device model and iOS version; suggest force-restart; offer DM link for step-by-step diagnostic settings.
154,258943,@AppleSupport Thanks for getting back to me guys but it appears it’s working fine again now,"@177562 Awesome, that's what we like to hear! If you need help with anything else, just let us know.",False,,hard_d,system_performance_freeze,other,no,None - Standard technical troubleshooting path.,- Acknowledge customer feedback empathetically; ask clarifying questions regarding specific behavior; provide official Apple Support resources.
155,2304936,@115858 can you please fix this “ i️ “ situation😤🤦🏽‍♂️ https://t.co/IcVB7xLsFl,@668748 We want to help. You can update to the newest version iOS 11.1.1.  You want to make sure to back up your iPhone before updating. This article explains how: https://t.co/4f8hwT5to6,False,,base,other,keyboard_autocorrect_bug,no,None - Standard technical troubleshooting path.,- Acknowledge known iOS autocorrect letter glitch; provide Settings > Keyboard > Text Replacement workaround; advise updating to latest iOS patch.
156,1997089,@AppleSupport my phone was working PERFECTLY but after the last update it’s AWFUL! Pleeeeez FIX IT!!,"@143530 We'd be happy to look this over with you. Please meet us in DM so we may gather information, and better assist. https://t.co/GDrqU22YpT",False,,hard_c,system_performance_freeze,system_performance_freeze,no,None - Standard technical troubleshooting path.,- Request exact device model and iOS version; suggest force-restart; offer DM link for step-by-step diagnostic settings.
157,1886849,post ios 11 download i lose my wifi connection every single time my phone locks 🙃 it’s driving me insane @115858 @AppleSupport,@562765 We want to be sure you can enjoy the new iOS update. We can help! Send us a DM and we'll look into this together. https://t.co/GDrqU22YpT,False,,base,connectivity_network,connectivity_network,no,None - Standard technical troubleshooting path.,- Guide user to Settings > General > Reset > Reset Network Settings; advise toggling Airplane Mode; ask to test on alternate Wi-Fi network.
158,724643,Ever since that IOS 11 update; my Iphone’s Camera is not working! #NotCool #Apple #WTF @115858 I need a Fix; Now!!,@293564 Thank you for reaching out. We are here to help. Please DM us and we will continue from there. https://t.co/GDrqU22YpT,False,,base,system_performance_freeze,camera_photos_media,no,None - Standard technical troubleshooting path.,- Verify if issue occurs in front vs rear lens and 3rd-party apps; suggest force-closing Camera app; check iCloud Photos sync status.
159,1748935,"Μετά το update στο #ios11, δεν έχω κινητό. Σταθερό έχω! @115858 please fix the battery issue! Thank you!",@527160 We offer support via Twitter in English. Contact us for help in your preferred language here: https://t.co/IBIY3vMgPj,True,"@AppleSupport Beforehand, I never had any problems. Perhaps, you should consider making a stronger battery for the upcoming iPhones. Thanks again!",hard_a,battery_drain_power,battery_drain_power,yes,Rule 1: Legal / Regulatory / Law Enforcement / Chargeback Threat.,- Acknowledge battery drain issue; instruct checking Settings > Battery for high-usage apps; provide DM link for battery diagnostics.
160,2015842,All this money we pay for @AppleSupport an this. Damn phone keeps replacing I️ . This is dumb I’m going back to android,@480070 Thanks for reaching out. We have a workaround for this here: https://t.co/xXaXeeSRt9 DM us if you still need help. https://t.co/GDrqU22YpT,False,,base,keyboard_autocorrect_bug,keyboard_autocorrect_bug,no,None - Standard technical troubleshooting path.,- Acknowledge known iOS autocorrect letter glitch; provide Settings > Keyboard > Text Replacement workaround; advise updating to latest iOS patch.
161,2578689,.@AppleSupport having mega problems with Apple TV 4th Gen. this is showing the episode it’s going to play on the right while playing that very episode on the left and I can’t get out of this to go to full screen. Remote is charged. https://t.co/5PJ45SKisr,@430813 We want you to be able to take full use of your Apple TV. Reach out to our Apple TV team here: https://t.co/IBIY3w3RGR,False,,hard_b,other,battery_drain_power,no,None - Standard technical troubleshooting path.,- Acknowledge battery drain issue; instruct checking Settings > Battery for high-usage apps; provide DM link for battery diagnostics.
162,40481,"I️ most updated my phone, why isn’t my I️ working @115858",@124878 We're here for you. Which version of iOS are you running in Settings &gt; General &gt; About? Is this happening in all apps?,True,"@AppleSupport IOS 11.1, And just my social media apps,",base,system_performance_freeze,keyboard_autocorrect_bug,no,None - Standard technical troubleshooting path.,- Acknowledge known iOS autocorrect letter glitch; provide Settings > Keyboard > Text Replacement workaround; advise updating to latest iOS patch.
163,2942220,Yo @115858 why is my home button not working anymore,"@812888 We want your Home button working, and we'll do all we can to help. To get started, let us know what type of iOS device you have and what is its iOS version? Also, can you describe for us how the Home button isn't working?",False,,base,keyboard_autocorrect_bug,other,no,None - Standard technical troubleshooting path.,- Acknowledge customer feedback empathetically; ask clarifying questions regarding specific behavior; provide official Apple Support resources.
164,1999916,@115858 why did I️ update if it makes my phone buggy and didn’t even give me Live Photo? 😒,@591344 We want to be sure your iPhone is working normally. Send us a DM and let us know more about the issue you're seeing. https://t.co/GDrqU22YpT,False,,base,camera_photos_media,keyboard_autocorrect_bug,no,None - Standard technical troubleshooting path.,- Acknowledge known iOS autocorrect letter glitch; provide Settings > Keyboard > Text Replacement workaround; advise updating to latest iOS patch.
165,2129195,@AppleSupport hey guys why does my Live Photo keep turning back on despite having the preserve settings button turned on? I swear I turn off Live Photo weekly.,@626777 We'd be happy to help with this. Send us a DM with your iOS version and device model. We'll continue from there: https://t.co/GDrqU22YpT,False,,base,camera_photos_media,battery_drain_power,no,None - Standard technical troubleshooting path.,- Acknowledge battery drain issue; instruct checking Settings > Battery for high-usage apps; provide DM link for battery diagnostics.
166,1691820,@AppleSupport I appreciate ur help :)),@346602 You're welcome.,False,,base,billing_app_store,other,no,None - Standard technical troubleshooting path.,- Acknowledge customer feedback empathetically; ask clarifying questions regarding specific behavior; provide official Apple Support resources.
167,2308504,"@AppleSupport Please help, I can't remember the password for my iphone! I alreadt tried everything ):",@669611 We have an article for just that. Check it out here: https://t.co/F1QfwW1u1N,False,,base,account_icloud_login,account_icloud_login,no,None - Standard technical troubleshooting path.,- Direct user to iforgot.apple.com; guide through Two-Factor Authentication recovery steps; caution against sharing credentials publicly.
168,585845,Having These Problems too. What to do? https://t.co/KclpS2RqTm @AppleSupport,"@258311 Let's work together to get things sorted out there. Have you been able to power the watch off and back on?  Also, is the watch updated to the most recent watchOS?",True,"@AppleSupport It is on 4.1, powering off resulted in bootloop. Force restarted and resetted it. For now it seems resolved.",base,other,other,no,None - Standard technical troubleshooting path.,- Acknowledge customer feedback empathetically; ask clarifying questions regarding specific behavior; provide official Apple Support resources.
169,1066766,Thanks @115858 for your terrible update. Nothing on my phone is working. At least the battery drains immediately now!,@371744 Send us a DM letting us know which version of iOS 11 is running on your iPhone. We'll get started there. https://t.co/GDrqU22YpT,False,,hard_d,battery_drain_power,battery_drain_power,no,None - Standard technical troubleshooting path.,- Acknowledge battery drain issue; instruct checking Settings > Battery for high-usage apps; provide DM link for battery diagnostics.
170,1473372,"#whine Yo the wifi on/off thing doesn’t work on the new iPhone os ware thingy. 
Fix it please!
@AppleSupport @124871 #islesofscilly #ios",@462008 We're here to help. Can explain to us what issue you're having with your Wi-Fi?,True,"@AppleSupport Hello. Here’s the problem:
Swipe up.
Disable wifi.
But.
Goto settings.
Wifi still on. 

The swipe up control panel thing seems ineffective.",hard_a,battery_drain_power,connectivity_network,no,None - Standard technical troubleshooting path.,- Guide user to Settings > General > Reset > Reset Network Settings; advise toggling Airplane Mode; ask to test on alternate Wi-Fi network.
171,2783257,Question: @AppleSupport can you find icloud account with the imei number?,@563334 We can assist you. Please DM us with additional details regarding your concern with your iCloud account and we'll help you further. You can do so via the following link. https://t.co/GDrqU22YpT,False,,base,billing_app_store,account_icloud_login,no,None - Standard technical troubleshooting path.,- Direct user to iforgot.apple.com; guide through Two-Factor Authentication recovery steps; caution against sharing credentials publicly.
172,2774372,@AppleSupport good morning! I need some help with my Bluetooth connection. I’d like their support.,@775358 We've received your DM. Please check there for our reply.,False,,base,connectivity_network,connectivity_network,no,None - Standard technical troubleshooting path.,- Guide user to Settings > General > Reset > Reset Network Settings; advise toggling Airplane Mode; ask to test on alternate Wi-Fi network.
173,484562,"@AppleSupport iphone8 works fine, Series 2 Watch works fine, everything’s perfect apart from my activity and workouts aren’t syncing since Tuesday! WiFi, data and Bluetooth all on and working too! Help!!!","@131476 Hey, we'd be happy to take a look to see what's going on. First, can you tell us the watchOS and iOS versions currently installed? Also, have you restarted both devices to see if that helps?",True,@AppleSupport Yep done all that eventually I reset the watch completely and set up as a new device and it’s working again. Thanks anyway,base,connectivity_network,connectivity_network,no,None - Standard technical troubleshooting path.,- Guide user to Settings > General > Reset > Reset Network Settings; advise toggling Airplane Mode; ask to test on alternate Wi-Fi network.
174,644126,"@AppleSupport Thanks! Some insight, it definitely works with music uploaded from my MacBook only. Cloud and music downloaded from Cloud not working!","@272894 You're very welcome. Please let us know if this continues, once our System Status page has been updated.",False,,hard_d,audio_music_playback,other,no,None - Standard technical troubleshooting path.,- Acknowledge customer feedback empathetically; ask clarifying questions regarding specific behavior; provide official Apple Support resources.
175,331716,@AppleSupport My phone crashed (iPhone 7 plus) so I had to restart it. It seems to have corrected the fault. I’ll let you know if it happens again thanks.,@194992 We're happy to hear a restart was able to resolve the issue. Feel free to reach out to us if you have any questions.,False,,hard_d,system_performance_freeze,system_performance_freeze,no,None - Standard technical troubleshooting path.,- Request exact device model and iOS version; suggest force-restart; offer DM link for step-by-step diagnostic settings.
176,1912819,"@AppleSupport dear  support
I have issue with some iCloud pics
Pls help its not uploading it via Twitter","@569775 Please reach out to our team specializing in iCloud Photos here: https://t.co/IBIY3vMgPj
Select Apps &amp; Software &gt; iOS apps",False,,base,account_icloud_login,account_icloud_login,yes,Rule 1: Legal / Regulatory / Law Enforcement / Chargeback Threat.,- Direct user to iforgot.apple.com; guide through Two-Factor Authentication recovery steps; caution against sharing credentials publicly.
177,2128175,Hey @AppleSupport! My Lightning to SD Card reader is importing photos on my 7 Plus pixilated &amp; not full resolution. Why is this?,@351367 We'd love to look into this with you. Join us in DM and provide us with your software version. Click here: https://t.co/GDrqU22YpT,False,,base,connectivity_network,battery_drain_power,no,None - Standard technical troubleshooting path.,- Acknowledge battery drain issue; instruct checking Settings > Battery for high-usage apps; provide DM link for battery diagnostics.
178,450349,@AppleSupport I’ve reset the keyboard and dictionary but it just started popping up again. I can try correcting it and see if it corrects it. Thanks for replying.,@221752 Sure thing! Let us know if you need anymore help with this issue. Have a great day!,False,,hard_d,keyboard_autocorrect_bug,keyboard_autocorrect_bug,no,None - Standard technical troubleshooting path.,- Acknowledge known iOS autocorrect letter glitch; provide Settings > Keyboard > Text Replacement workaround; advise updating to latest iOS patch.
179,1924810,@AppleSupport I already have it turned off. So why is it continuing to do it? What's the point of turning it off if it's going to do it anyway?,@324684 We'd like to gather some more details.  Please reach out to us via DM and we'll get started. https://t.co/GDrqU22YpT,False,,base,system_performance_freeze,other,no,None - Standard technical troubleshooting path.,- Acknowledge customer feedback empathetically; ask clarifying questions regarding specific behavior; provide official Apple Support resources.
180,1063844,um i was just in the middle of listening to music and cleaning and my song stopped playing and all my music was deleted @AppleSupport wyd,@371168 We can help with this. Are you connected to Wi-Fi or cellular? Is Apple Music on in Settings &gt; Music?,True,@AppleSupport I am connected to wifi and yes Apple Music is turned on! https://t.co/MbeRNomAkl,base,audio_music_playback,audio_music_playback,no,None - Standard technical troubleshooting path.,- Inquire whether issue occurs on downloaded vs streamed music; recommend toggling iCloud Music Library / Sync Library; suggest reinstalling Music app.
181,1704027,Motherfucker @AppleSupport when the hell are you going fix this I️ issue??,@516538 We can help. Here’s a work around for the issue until it’s fixed in a future software update: https://t.co/xXaXeeSRt9,False,,base,keyboard_autocorrect_bug,keyboard_autocorrect_bug,yes,Rule 1: Legal / Regulatory / Law Enforcement / Chargeback Threat.,- Acknowledge known iOS autocorrect letter glitch; provide Settings > Keyboard > Text Replacement workaround; advise updating to latest iOS patch.
182,872073,Meu iPhone tá muito bugado. Pq vcs fazem isso @115858 ? @AppleSupport,"@327046 Since our Twitter support is available in English, get help at https://t.co/IBIY3vMgPj or join https://t.co/pvaOFfPbjt",False,,base,system_performance_freeze,system_performance_freeze,no,None - Standard technical troubleshooting path.,- Request exact device model and iOS version; suggest force-restart; offer DM link for step-by-step diagnostic settings.
183,1071795,"Wtf @115858 keeps charging me $10 a month for who knows what, aside from my Apple Music and i have the $5 student account 😰",@372922 We'd love to help and recommend that you contact our iTunes Store team via this link: https://t.co/SDIe7UiyJN,False,,base,audio_music_playback,battery_drain_power,no,None - Standard technical troubleshooting path.,- Acknowledge battery drain issue; instruct checking Settings > Battery for high-usage apps; provide DM link for battery diagnostics.
184,1227322,Is there anyway I can disable group chats on my moms phone?@AppleSupport,@407914 Thanks for contacting us. You can find more information about group messages here: https://t.co/Wu8UVnr4pp,False,,base,keyboard_autocorrect_bug,other,no,None - Standard technical troubleshooting path.,- Acknowledge customer feedback empathetically; ask clarifying questions regarding specific behavior; provide official Apple Support resources.
185,431289,"@AppleSupport It is yes, and it does work, but then my bank card appears too.","@217052 Has this always happened, or did it start recently? Which iOS version are you running? Let us know in DM: https://t.co/GDrqU22YpT",False,,base,system_performance_freeze,other,no,None - Standard technical troubleshooting path.,- Acknowledge customer feedback empathetically; ask clarifying questions regarding specific behavior; provide official Apple Support resources.
186,2253488,"Hey @115858, my Motorola Razr and Compaq desktop, with Windows 98, still work great. Can you explain why none of my stuff works after one update comes out? Thanks.",@656461 We'd love to help. DM us further details of what's going on and we'll help. https://t.co/GDrqU22YpT,False,,hard_d,keyboard_autocorrect_bug,system_performance_freeze,no,None - Standard technical troubleshooting path.,- Request exact device model and iOS version; suggest force-restart; offer DM link for step-by-step diagnostic settings.
187,2364428,"@AppleSupport Yes, and after I've restarted nothing changed. And after 10th attempt all the data got erased, altho I've switched off this feature in Settings ages ago. Looks like #ios1111 has broken keyboard instead of fixing it",@682647 Do you have a recent backup in iCloud or iTunes of the device?,True,@AppleSupport I wouldn't be so upset if I had :(,hard_b,system_performance_freeze,keyboard_autocorrect_bug,no,None - Standard technical troubleshooting path.,- Acknowledge known iOS autocorrect letter glitch; provide Settings > Keyboard > Text Replacement workaround; advise updating to latest iOS patch.
188,2012511,@115858 y’all really need to get y’all shit together. These questions marks need to go.,"@595092 Where are you seeing the question marks? In a certain app or keyboard, when composing a message/post? DM us, we want to help. https://t.co/GDrqU22YpT",False,,base,keyboard_autocorrect_bug,other,no,None - Standard technical troubleshooting path.,- Acknowledge customer feedback empathetically; ask clarifying questions regarding specific behavior; provide official Apple Support resources.
189,628043,"@115858 bought #iphone8 on the day of launch and it never met expectations from #day1 the device is hanging (though I have not downloaded more than 4 apps). My year old MI @160663 is performing better than this.

CAN YOU GUYS #TAKEITBACK WITHOUT #EXCHANGE (at what price)?",@268756 We'd like to look into this with you. Let us know which version of iOS you're running on this iPhone via DM. We'll go from there. https://t.co/GDrqU22YpT,True,"@AppleSupport iOS 11.1.2 However, you did not answer my question!",base,battery_drain_power,other,no,None - Standard technical troubleshooting path.,- Acknowledge customer feedback empathetically; ask clarifying questions regarding specific behavior; provide official Apple Support resources.
190,446489,@AppleSupport hii I updated my phone and now my Apple Music is not working I can’t see any of the songs I have downloaded only the purchased ones from iTunes can you pls sort this.. What am I paying for?? 🙄,"@220758 We want you to be able to have access to your music, and we'd like to help. Do you have iCloud Music Library enabled? Here's how to check: https://t.co/9VQ9VywZJ2",True,@AppleSupport Yeah I have it on but my music had disappeared ? I’m so confused,hard_b,audio_music_playback,audio_music_playback,no,None - Standard technical troubleshooting path.,- Inquire whether issue occurs on downloaded vs streamed music; recommend toggling iCloud Music Library / Sync Library; suggest reinstalling Music app.
191,585865,"@AppleSupport iphone7+ crashing apps and restarting every minute, since your update. Sort it out",@258316 We're glad you reached out to us. We just released iOS 11.2 which should help with your issues. Let's go through the steps in the following article and DM us if you're still having problems: https://t.co/osZOKKTalm We'll be here for you. https://t.co/GDrqU22YpT,False,,base,system_performance_freeze,system_performance_freeze,no,None - Standard technical troubleshooting path.,- Request exact device model and iOS version; suggest force-restart; offer DM link for step-by-step diagnostic settings.
192,1918130,"@AppleSupport scree recording when forwarding,no audio,why?","@156529 Hey, we want to hear more about what's going on so that we can help. Please DM us some more details and we'll go from there. https://t.co/GDrqU22YpT",False,,base,audio_music_playback,audio_music_playback,no,None - Standard technical troubleshooting path.,- Inquire whether issue occurs on downloaded vs streamed music; recommend toggling iCloud Music Library / Sync Library; suggest reinstalling Music app.
193,2410270,@AppleSupport is there a reason why my WiFi turns itself on when I turn it off on my 7s. Bloody annoying me. I try to conserve the power and it drains quicker without my knowledge thanks,"@302435 Thanks for reaching out about this behavior. To verify, are you disabling Wi-Fi from the Control Center, or via the Settings app? Also, what is the exact version number of iOS you're currently using? This article covers how to locate it: https://t.co/ZTw54HL4Rm",True,@AppleSupport I turn WiFi off when I leave home in the morning from the slide up screen. I’m using the most up to date system as updated 2 nights ago with the most recent,hard_b,connectivity_network,battery_drain_power,no,None - Standard technical troubleshooting path.,- Acknowledge battery drain issue; instruct checking Settings > Battery for high-usage apps; provide DM link for battery diagnostics.
194,2295437,@115858 hook me up with a new Macbook please because the MacOS High Sierra update broke mines and i’m having money problems AHSHSISJAK🙃,@444232 We would be happy to help with your Mac. What's happening after updating? Send us a Direct Message to tell us more about this. https://t.co/GDrqU22YpT,False,,hard_c,system_performance_freeze,system_performance_freeze,no,None - Standard technical troubleshooting path.,- Request exact device model and iOS version; suggest force-restart; offer DM link for step-by-step diagnostic settings.
195,2239370,Wish @115858 would fix this WiFi turning on whenever it bloody pleases issue out. https://t.co/nwGhOHxqD5,"@652948 We appreciate you reaching out. To verify, are you disabling Wi-Fi via the Settings App or the Control Center?",True,@AppleSupport I’ve tried with both over the last few days and it still keeps switching itself on. Other people seem to be having the same issue,hard_a,other,connectivity_network,yes,Rule 1: Legal / Regulatory / Law Enforcement / Chargeback Threat.,- Guide user to Settings > General > Reset > Reset Network Settings; advise toggling Airplane Mode; ask to test on alternate Wi-Fi network.
196,433119,"@AppleSupport Hey, thanks, but I already knew this. I just want the “helpful” prompt to stop every time I get in my car. I already have it on manual.",@218011 We can understand. Feel free to submit any suggestions you have on our Apple Feedback Website: https://t.co/ODFtc9V7Tq,False,,base,keyboard_autocorrect_bug,other,no,None - Standard technical troubleshooting path.,- Acknowledge customer feedback empathetically; ask clarifying questions regarding specific behavior; provide official Apple Support resources.
197,812237,@AppleSupport my FaceTime Live Photo’s are not saving,"@313548 We'd be happy to help. To start, which version of iOS are you using. You can check in Settings &gt; General &gt; About.",True,@AppleSupport iOS 11.0.3 on an iPhone 7 Plus,base,camera_photos_media,battery_drain_power,no,None - Standard technical troubleshooting path.,- Acknowledge battery drain issue; instruct checking Settings > Battery for high-usage apps; provide DM link for battery diagnostics.
198,1528789,"If Apple doesn’t fix this “question mark in my text” problem, I️ will consider an Android. $1000 phones and the keyboard doesn’t work?! @AppleSupport @115858",@474634 We're here to help. Send us a DM with the device and iOS version we're working with to get started. https://t.co/GDrqU22YpT,False,,base,keyboard_autocorrect_bug,keyboard_autocorrect_bug,no,None - Standard technical troubleshooting path.,- Acknowledge known iOS autocorrect letter glitch; provide Settings > Keyboard > Text Replacement workaround; advise updating to latest iOS patch.
199,2557437,It is so frustrating that I can type faster than my phone now. #ios11Problems #Apple #lostCustomer @115858 #lostMacBookPurchaseToo,@726064 We'd be happy to assist you with this issue. Please reach out to us via DM and we'll get started. https://t.co/GDrqU22YpT,False,,base,billing_app_store,billing_app_store,no,None - Standard technical troubleshooting path.,- Direct customer to reportaproblem.apple.com to review purchase history; outline refund request process; explain subscription cancellation steps.
200,328552,Absolutely love getting scam emails from @115858. NOT. @AppleSupport,@194338 You can refer to the following article on how to identify and report fraudulent emails: https://t.co/LNMCdqt6fD,False,,hard_d,system_performance_freeze,other,no,None - Standard technical troubleshooting path.,- Acknowledge customer feedback empathetically; ask clarifying questions regarding specific behavior; provide official Apple Support resources.
